{
    "intrinsic_matrix": [
        [
            4425.2825371191575,
            0.0,
            1002.8525938875283
        ],
        [
            0.0,
            4384.8283962019805,
            937.7284647311761
        ],
        [
            0.0,
            0.0,
            1.0
        ]
    ],
    "distortion_coef": [
        -0.10851162502101634,
        -0.3633831473519663,
        -0.004334575904059801,
        -0.0133267085440563,
        3.760714860334118
    ]
}